{"cameraMode":{"drawMode":0,"name":"Shaded","section":"Shading Mode"},"sceneLighting":false,"audioPlay":false,"sceneViewState":{"m_AlwaysRefresh":false,"showFog":true,"showSkybox":false,"showFlares":true,"showImageEffects":true,"showParticleSystems":true,"showVisualEffectGraphs":true,"m_FxEnabled":false},"in2DMode":false,"pivot":{"x":0.43077564239501955,"y":-1.8861656188964844,"z":1.3058948516845704},"rotation":{"x":-0.05670426785945892,"y":-0.9418561458587647,"z":0.25947558879852297,"w":-0.2060851901769638},"size":17.134416580200197,"orthographic":false}