{"cameraMode":{"drawMode":0,"name":"Shaded","section":"Shading Mode"},"sceneLighting":false,"audioPlay":false,"sceneViewState":{"m_AlwaysRefresh":false,"showFog":true,"showSkybox":false,"showFlares":true,"showImageEffects":true,"showParticleSystems":true,"showVisualEffectGraphs":true,"m_FxEnabled":false},"in2DMode":false,"pivot":{"x":-1.3733901977539063,"y":-3.9314041137695314,"z":1.9962615966796876},"rotation":{"x":-0.07156814634799957,"y":-0.9256526827812195,"z":0.2973557114601135,"w":-0.22300860285758973},"size":18.463655471801759,"orthographic":false}