{"cameraMode":{"drawMode":0,"name":"Shaded","section":"Shading Mode"},"sceneLighting":false,"audioPlay":false,"sceneViewState":{"m_AlwaysRefresh":false,"showFog":true,"showSkybox":false,"showFlares":true,"showImageEffects":true,"showParticleSystems":true,"showVisualEffectGraphs":true,"m_FxEnabled":false},"in2DMode":false,"pivot":{"x":-249.63575744628907,"y":0.6710929870605469,"z":64.84956359863281},"rotation":{"x":0.06330913305282593,"y":0.9365721344947815,"z":-0.25200068950653078,"w":0.23581719398498536},"size":70.82084655761719,"orthographic":false}