{"cameraMode":{"drawMode":0,"name":"Shaded","section":"Shading Mode"},"sceneLighting":false,"audioPlay":false,"sceneViewState":{"m_AlwaysRefresh":false,"showFog":true,"showSkybox":false,"showFlares":true,"showImageEffects":true,"showParticleSystems":true,"showVisualEffectGraphs":true,"m_FxEnabled":false},"in2DMode":false,"pivot":{"x":43.35143280029297,"y":0.9553186893463135,"z":-0.11445105075836182},"rotation":{"x":0.13778546452522279,"y":-0.8516091108322144,"z":0.2762744426727295,"w":0.42394325137138369},"size":9.019550323486329,"orthographic":false}