{"cameraMode":{"drawMode":0,"name":"Shaded","section":"Shading Mode"},"sceneLighting":false,"audioPlay":false,"sceneViewState":{"m_AlwaysRefresh":false,"showFog":true,"showSkybox":false,"showFlares":true,"showImageEffects":true,"showParticleSystems":true,"showVisualEffectGraphs":true,"m_FxEnabled":false},"in2DMode":false,"pivot":{"x":43.052120208740237,"y":3.164895534515381,"z":-4.338150978088379},"rotation":{"x":0.007475405465811491,"y":0.9817404747009277,"z":0.1859493851661682,"w":-0.039486609399318698},"size":9.383585929870606,"orthographic":true}