{"cameraMode":{"drawMode":0,"name":"Shaded","section":"Shading Mode"},"sceneLighting":false,"audioPlay":false,"sceneViewState":{"m_AlwaysRefresh":false,"showFog":true,"showSkybox":false,"showFlares":true,"showImageEffects":true,"showParticleSystems":true,"showVisualEffectGraphs":true,"m_FxEnabled":false},"in2DMode":false,"pivot":{"x":34.086212158203128,"y":12.462800025939942,"z":2.2774410247802736},"rotation":{"x":-0.08996608853340149,"y":0.9076018333435059,"z":-0.25295454263687136,"w":-0.32278671860694888},"size":91.8373031616211,"orthographic":true}