{"cameraMode":{"drawMode":0,"name":"Shaded","section":"Shading Mode"},"sceneLighting":false,"audioPlay":false,"sceneViewState":{"m_AlwaysRefresh":false,"showFog":true,"showSkybox":false,"showFlares":true,"showImageEffects":true,"showParticleSystems":true,"showVisualEffectGraphs":true,"m_FxEnabled":false},"in2DMode":false,"pivot":{"x":11.033000946044922,"y":0.7779998779296875,"z":-7.369999885559082},"rotation":{"x":-0.21043631434440614,"y":0.35867974162101748,"z":-0.08333482593297959,"w":-0.9056286215782166},"size":12.124356269836426,"orthographic":false}