{"cameraMode":{"drawMode":0,"name":"Shaded","section":"Shading Mode"},"sceneLighting":false,"audioPlay":false,"sceneViewState":{"m_AlwaysRefresh":false,"showFog":true,"showSkybox":false,"showFlares":true,"showImageEffects":true,"showParticleSystems":true,"showVisualEffectGraphs":true,"m_FxEnabled":false},"in2DMode":false,"pivot":{"x":-2.1600818634033205,"y":-1.3671302795410157,"z":-1.9702544212341309},"rotation":{"x":-0.42705097794532778,"y":0.41716253757476809,"z":-0.23176977038383485,"w":-0.7682114243507385},"size":16.623302459716798,"orthographic":false}