{"cameraMode":{"drawMode":0,"name":"Shaded","section":"Shading Mode"},"sceneLighting":false,"audioPlay":false,"sceneViewState":{"m_AlwaysRefresh":false,"showFog":true,"showSkybox":true,"showFlares":true,"showImageEffects":true,"showParticleSystems":true,"showVisualEffectGraphs":true,"m_FxEnabled":false},"in2DMode":false,"pivot":{"x":30.575576782226564,"y":111.7901611328125,"z":335.70770263671877},"rotation":{"x":0.08294429630041123,"y":0.8263534307479858,"z":-0.12647850811481477,"w":0.5427466630935669},"size":23.029218673706056,"orthographic":false}